-- AUTO-GENERATED by scripts/gen-seed.mjs — do not edit by hand.
-- 재생성:  node scripts/gen-seed.mjs
begin;
truncate clinics, doctors, patients, queue_entries, safety_assessments,
  rating_scales, trend_points, labs, prescriptions, clinical_notes,
  patient_detail_meta, appointments, kpis, wards, admissions, billings, medications restart identity cascade;

insert into clinics (hospital, department, room, session, display_date) values
  ('메디코어', '정신건강의학과', '제2진료실', '2026-06-22 오후 진료', '2026-06-22 (월)');

insert into doctors (name, title, ext_id, initial) values
  ('서연우 과장', '정신건강의학과 전문의', '2208', '서');

insert into kpis (sort, tone, label, value, sub, delta, delta_tone) values
  (0, 't-acc', '금일 예약', '26', '완료 14 · 잔여 12', null, null),
  (1, 't-warn', '대기 환자', '7', '평균 대기', '31분', 'dn'),
  (2, 't-acc', '상담 중', '1', '제2진료실', null, null),
  (3, 't-crit', '미작성 기록', '5', '면담노트 · 척도 3건', null, null),
  (4, 't-crit', '고위험 환자', '3', '자살위험 평가 필요', null, null),
  (5, 't-ok', '담당 입원', '9', '폐쇄병동 · 격리 1', null, null);

insert into appointments (sort, start_time, patient_name, description, status, bar, badge_cls, badge_label, tail, is_now) values
  (0, '13:00', '윤도현', '재진 · 공황장애', '완료', 'sl-mut', 'b-done', '완료', null, false),
  (1, '13:20', '오지안', '재진 · ADHD', '완료', 'sl-mut', 'b-done', '완료', null, false),
  (2, '13:40', '정수민', '재진 · 우울장애', '진행중', 'sl-acc', 'b-prog', '진행중', null, true),
  (3, '14:00', '강하늘', '응급 · 자살위기 평가', '예약', 'sl-mut', null, null, '예약', false),
  (4, '14:50', '임서윤', '초진면담 50분 · 불안', '예약', 'sl-mut', null, null, '예약', false),
  (5, '15:40', '배준서', '심리상담 50분', '예약', 'sl-mut', null, null, '예약', false),
  (6, '16:30', '한예린', '재진 · 양극성장애', '예약', 'sl-mut', null, null, '예약', false),
  (7, '16:50', '조민재', '재진 · 조현병', '예약', 'sl-mut', null, null, '예약', false),
  (8, '17:10', '신아윤', '재진 · 불면', '예약', 'sl-mut', null, null, '예약', false);

insert into wards (sort, code, name, total_beds) values
  (0, '5A', '폐쇄병동 5A', 12),
  (1, '4B', '개방병동 4B', 8);

insert into admissions (sort, ward_id, attending_id, patient_name, sex, age, chart_no, room, bed, legal_status, status, dx, admitted_on, day_no, acuity, memo) values
  (0, (select id from wards where code='5A'), (select id from doctors order by ext_id limit 1), '문상철', '남', 49, '00640012', '501', 'A', '보호입원', '격리', 'F20.0', '2026-06-18', 5, '중증', '급성 정신병적 흥분, 격리·관찰 중'),
  (1, (select id from wards where code='5A'), (select id from doctors order by ext_id limit 1), '김하나', '여', 33, '00640021', '501', 'B', '자의입원', '입원중', 'F31.2', '2026-06-15', 8, '주의', '조증 삽화, 리튬 적정 중'),
  (2, (select id from wards where code='5A'), (select id from doctors order by ext_id limit 1), '이도경', '남', 27, '00640033', '503', 'A', '행정입원', '관찰', 'F32.2', '2026-06-20', 3, '중증', '자살시도 후 입원, 1:1 관찰'),
  (3, (select id from wards where code='5A'), (select id from doctors order by ext_id limit 1), '박서연', '여', 41, '00640048', '503', 'B', '자의입원', '입원중', 'F33.2', '2026-06-12', 11, '주의', '주요우울 재발, 약물 조정'),
  (4, (select id from wards where code='5A'), (select id from doctors order by ext_id limit 1), '정우진', '남', 55, '00640052', '505', 'A', '보호입원', '입원중', 'F10.2', '2026-06-10', 13, '일반', '알코올 해독 후 재활'),
  (5, (select id from wards where code='4B'), (select id from doctors order by ext_id limit 1), '한지민', '여', 22, '00640066', '402', 'A', '자의입원', '퇴원예정', 'F50.0', '2026-06-05', 18, '일반', '섭식장애, 체중 회복·퇴원 계획'),
  (6, (select id from wards where code='4B'), (select id from doctors order by ext_id limit 1), '오세영', '남', 36, '00640071', '402', 'B', '자의입원', '입원중', 'F41.1', '2026-06-17', 6, '일반', '범불안·공황, 인지행동치료 병행'),
  (7, (select id from wards where code='4B'), (select id from doctors order by ext_id limit 1), '신예지', '여', 29, '00640085', '404', 'A', '자의입원', '입원중', 'F60.3', '2026-06-14', 9, '주의', '경계성 인격, 변증법적행동치료'),
  (8, (select id from wards where code='4B'), (select id from doctors order by ext_id limit 1), '강민재', '남', 31, '00640090', '404', 'B', '자의입원', '입원중', 'F25.0', '2026-06-16', 7, '일반', '분열정동장애, 약물 유지');

-- ── 정수민 (00513382) ──
insert into patients (chart_no, name, sex, age, rrn, initial, primary_tags, attending_id) values
  ('00513382', '정수민', '여', 34, '920***-2******', '정', array['자살위험 중등도','주요우울장애','범불안장애','불면증'], (select id from doctors order by ext_id limit 1));
insert into queue_entries (patient_id, position, no, visit_type, status, status_cls, dx, received, wait, risk) values
  ((select id from patients where chart_no = '00513382'), 0, 'A-08', '재진', '상담중', 'b-prog', 'F33.1', '13:34', '-', 'md');
insert into safety_assessments (patient_id, level, sev, bold, body) values
  ((select id from patients where chart_no = '00513382'), 'md', 'C-SSRS
중등도', '자살위험 중등도', '자살위험 중등도 — 자살사고 간헐적 보고(지난주 빈도 증가), 구체적 계획·시도 없음. 안전계획 수립 완료 · 보호자 동반 확인. 다음 내원 시 재평가 필수.');
insert into patient_detail_meta (patient_id, summary, rx_warn_title, rx_warn_body) values
  ((select id from patients where chart_no = '00513382'), '4월 초 PHQ-9 22(중증)에서 약물·인지행동치료 병행 후 14(중등도)까지 호전. 불면(ISI 18)은 정체 상태로 수면위생 교육 및 야간 약물 조정 검토. 불안(GAD-7) 완만한 개선.', '처방 검토 알림', '벤조디아제핀(로라제팜) 의존·내성 위험. 2주 이내 단기 처방 권고, 정기 재평가 필요. SSRI+쿠에티아핀 병용 시 QTc 추적(현재 438ms) 권장.');
insert into rating_scales (patient_id, sort, name, tag, value, max, pct, severity, severity_label) values
  ((select id from patients where chart_no = '00513382'), 0, 'PHQ-9', '우울', 14, 27, 52, 'mod', '중등도'),
  ((select id from patients where chart_no = '00513382'), 1, 'GAD-7', '불안', 11, 21, 52, 'mod', '중등도'),
  ((select id from patients where chart_no = '00513382'), 2, 'ISI', '불면', 18, 28, 64, 'sev', '중증'),
  ((select id from patients where chart_no = '00513382'), 3, 'AUDIT', '음주', 4, 40, 10, 'min', '정상');
insert into trend_points (patient_id, sort, label, phq, gad) values
  ((select id from patients where chart_no = '00513382'), 0, '3/30', 22, 15),
  ((select id from patients where chart_no = '00513382'), 1, '4/13', 20, 14),
  ((select id from patients where chart_no = '00513382'), 2, '4/27', 19, 13),
  ((select id from patients where chart_no = '00513382'), 3, '5/11', 17, 12),
  ((select id from patients where chart_no = '00513382'), 4, '5/25', 16, 12),
  ((select id from patients where chart_no = '00513382'), 5, '6/08', 15, 11),
  ((select id from patients where chart_no = '00513382'), 6, '6/15', 14, 11),
  ((select id from patients where chart_no = '00513382'), 7, '6/22', 14, 11);
insert into labs (patient_id, sort, lab_group, name, value, ref_range, flag, flag_type, collected) values
  ((select id from patients where chart_no = '00513382'), 0, '약물 혈중농도 모니터링', 'Lithium', '0.74', '0.6–1.0 mmol/L', 'N', 'f-n', '06/22'),
  ((select id from patients where chart_no = '00513382'), 1, '약물 혈중농도 모니터링', 'Valproate', '—', '50–100 µg/mL', '미시행', 'ref', '06/22'),
  ((select id from patients where chart_no = '00513382'), 2, '대사 · 안전성 모니터링', '공복혈당', '108', '70–100 mg/dL', 'H', 'f-h', '06/22'),
  ((select id from patients where chart_no = '00513382'), 3, '대사 · 안전성 모니터링', 'HbA1c', '5.7', '4.0–5.6 %', 'H', 'f-h', '06/22'),
  ((select id from patients where chart_no = '00513382'), 4, '대사 · 안전성 모니터링', 'LDL 콜레스테롤', '146', '<130 mg/dL', 'H', 'f-h', '06/22'),
  ((select id from patients where chart_no = '00513382'), 5, '대사 · 안전성 모니터링', '중성지방 TG', '188', '<150 mg/dL', 'H', 'f-h', '06/22'),
  ((select id from patients where chart_no = '00513382'), 6, '대사 · 안전성 모니터링', '프로락틴', '31', '4.8–23.3 ng/mL', 'H', 'f-h', '06/22'),
  ((select id from patients where chart_no = '00513382'), 7, '대사 · 안전성 모니터링', 'TSH', '2.4', '0.4–4.0 mIU/L', 'N', 'f-n', '06/22'),
  ((select id from patients where chart_no = '00513382'), 8, '대사 · 안전성 모니터링', 'AST / ALT', '26 / 29', '0–40 IU/L', 'N', 'f-n', '06/22'),
  ((select id from patients where chart_no = '00513382'), 9, '대사 · 안전성 모니터링', 'QTc (ECG)', '438', '<450 ms', 'QTc', 'f-n', '06/22'),
  ((select id from patients where chart_no = '00513382'), 10, '대사 · 안전성 모니터링', '체중 / BMI', '61.2 / 23.8', '+2.1kg vs 3월', '↑', 'f-l', '06/22');
insert into prescriptions (patient_id, sort, drug_class, class_warn, name, brand, dose, sub, sub_bold, qty, price, is_new) values
  ((select id from patients where chart_no = '00513382'), 0, 'SSRI · 항우울제', false, '에스시탈로프람 15mg', '(렉사프로정)', '1일 1회 1정 · 아침 식후', '주요우울장애 · 90일분 · 10mg→15mg 증량 06/22', '', '90T', '₩18,900', false),
  ((select id from patients where chart_no = '00513382'), 1, 'NDRI · 항우울제', false, '부프로피온 XL 150mg', '(웰부트린엑스엘정)', '1일 1회 1정 · 아침', '우울 · 의욕저하 보강 · 30일분', '', '30T', '₩21,000', false),
  ((select id from patients where chart_no = '00513382'), 2, '비정형 항정신병약 · 저용량', false, '쿠에티아핀 50mg', '(쎄로켈정)', '취침 전 1정', '불면 · 증강요법 · 30일분', '', '30T', '₩9,600', false),
  ((select id from patients where chart_no = '00513382'), 3, '벤조디아제핀 · 항불안', true, '로라제팜 0.5mg', '(아티반정)', '불안·초조 시 1정 · 1일 최대 2회', '14일분 · ', '신규 — 검토 대기', '14T', '₩2,800', true);
insert into clinical_notes (patient_id, sort, author, dept, noted_at, segments) values
  ((select id from patients where chart_no = '00513382'), 0, '서연우 과장', '정신건강의학과', '2026-06-22 13:40', '[{"label":"S)","text":" 2주간 우울감·무기력 악화, 입면 곤란(1시간 이상), 직장 복귀 스트레스. 자살사고 간헐(빈도 증가), 구체적 계획 없음."},{"label":"O)","text":" MSE — 외모 단정, 정신운동 경도 지체, 정동 우울·불안, 사고흐름 논리적, 자살사고(+)·계획(−), 병식 양호, 인지 정상. PHQ-9 14 · GAD-7 11 · ISI 18."},{"label":"A)","text":" 주요우울장애, 재발성, 중등도(F33.1) / 범불안장애(F41.1) / 비기질성 불면증(F51.0)."},{"label":"P)","text":" 에스시탈로프람 15mg 증량, 쿠에티아핀 취침전 유지, CBT 주 1회 연계, 자살안전계획 갱신, 2주 후 재평가."}]'::jsonb),
  ((select id from patients where chart_no = '00513382'), 1, '서연우 과장', '정신건강의학과', '2026-06-08 13:20', '[{"label":"S)","text":" 수면 일부 호전, 낮 활동량 증가. 식욕 회복 중."},{"label":"A)","text":" 주요우울장애 부분 관해 경과."},{"label":"P)","text":" 약물 유지, 활동 스케줄링 과제 부여. PHQ-9 15."}]'::jsonb),
  ((select id from patients where chart_no = '00513382'), 2, '한가람 임상심리사', '심리평가', '2026-05-25 11:00', '[{"label":"평가)","text":" 종합심리검사(Full Battery) — MMPI-2, BDI-II, 로르샤흐. 우울·불안 척도 상승, 대인 위축 시사."},{"label":"권고)","text":" 인지행동치료 적응증, 자동적 사고 다루기 우선."}]'::jsonb);

-- ── 강하늘 (00781120) ──
insert into patients (chart_no, name, sex, age, rrn, initial, primary_tags, attending_id) values
  ('00781120', '강하늘', '남', 27, '990***-1******', '강', array['자살위기 고위험','주요우울 중증','응급 평가'], (select id from doctors order by ext_id limit 1));
insert into queue_entries (patient_id, position, no, visit_type, status, status_cls, dx, received, wait, risk) values
  ((select id from patients where chart_no = '00781120'), 1, 'E-01', '응급', '위기', 'b-emg', 'F32.2', '13:50', '4분', 'hi');
insert into safety_assessments (patient_id, level, sev, bold, body) values
  ((select id from patients where chart_no = '00781120'), 'hi', 'C-SSRS
고위험', '자살위기 고위험', '자살위기 고위험 — 구체적 자살계획 및 최근 자해 시도력. 즉시 보호자 연락 및 입원 평가 진행 중. 단독 귀가 불가, 지속 관찰 필요.');
insert into patient_detail_meta (patient_id, summary, rx_warn_title, rx_warn_body) values
  ((select id from patients where chart_no = '00781120'), '증상 악화 추세 — PHQ-9 지속 상승, 자살위험도 고위험으로 평가됨. 외래 관리 한계, 폐쇄병동 입원 적응증 검토 중.', '응급 처방 주의', '자살위험 고위험 — 치명적 과량 위험 약물 단기 소량 처방. 입원 결정 시 처방 전면 재검토. 약물 보관 보호자 위임 권고.');
insert into rating_scales (patient_id, sort, name, tag, value, max, pct, severity, severity_label) values
  ((select id from patients where chart_no = '00781120'), 0, 'PHQ-9', '우울', 24, 27, 89, 'sev', '중증'),
  ((select id from patients where chart_no = '00781120'), 1, 'GAD-7', '불안', 17, 21, 81, 'sev', '중증'),
  ((select id from patients where chart_no = '00781120'), 2, 'ISI', '불면', 22, 28, 78, 'sev', '중증'),
  ((select id from patients where chart_no = '00781120'), 3, 'C-SSRS', '자살', 5, 6, 83, 'sev', '고위험');
insert into trend_points (patient_id, sort, label, phq, gad) values
  ((select id from patients where chart_no = '00781120'), 0, '초진', 20, 14),
  ((select id from patients where chart_no = '00781120'), 1, '+1주', 22, 15),
  ((select id from patients where chart_no = '00781120'), 2, '+2주', 23, 16),
  ((select id from patients where chart_no = '00781120'), 3, '오늘', 24, 17);
insert into labs (patient_id, sort, lab_group, name, value, ref_range, flag, flag_type, collected) values
  ((select id from patients where chart_no = '00781120'), 0, '응급 기본 · 안전성', 'CBC', '정상', '—', 'N', 'f-n', '06/22'),
  ((select id from patients where chart_no = '00781120'), 1, '응급 기본 · 안전성', '간기능 AST/ALT', '34 / 41', '0–40 IU/L', 'H', 'f-h', '06/22'),
  ((select id from patients where chart_no = '00781120'), 2, '응급 기본 · 안전성', 'TSH', '1.9', '0.4–4.0 mIU/L', 'N', 'f-n', '06/22'),
  ((select id from patients where chart_no = '00781120'), 3, '응급 기본 · 안전성', '약물·알코올 선별', '음성', '—', 'N', 'f-n', '06/22'),
  ((select id from patients where chart_no = '00781120'), 4, '응급 기본 · 안전성', 'QTc (ECG)', '446', '<450 ms', 'QTc', 'f-n', '06/22');
insert into prescriptions (patient_id, sort, drug_class, class_warn, name, brand, dose, sub, sub_bold, qty, price, is_new) values
  ((select id from patients where chart_no = '00781120'), 0, 'SSRI · 항우울제', false, '에스시탈로프람 10mg', '(렉사프로정)', '1일 1회 1정 · 아침', '초진 처방 · 7일분(단기)', '', '7T', '₩1,470', false),
  ((select id from patients where chart_no = '00781120'), 1, '비정형 항정신병약', true, '쿠에티아핀 100mg', '(쎄로켈정)', '취침 전 1정', '초조·불면 · ', '신규 — 입원 시 재조정', '7T', '₩3,360', true);
insert into clinical_notes (patient_id, sort, author, dept, noted_at, segments) values
  ((select id from patients where chart_no = '00781120'), 0, '서연우 과장', '정신건강의학과', '2026-06-22 13:54', '[{"label":"S)","text":" 2일 전 자해 시도, 지속적 자살사고 및 구체적 계획 호소. 무망감 심화."},{"label":"O)","text":" MSE — 정동 심한 우울, 정신운동 지체, 자살사고(+)·계획(+)·시도력(+), 병식 부분적. C-SSRS 고위험."},{"label":"A)","text":" 주요우울장애, 단일삽화, 중증(F32.2), 자살위기."},{"label":"P)","text":" 보호자 연락 완료, 폐쇄병동 입원 평가 진행, 지속 관찰. 단기 약물 소량 처방."}]'::jsonb);

-- ── 임서윤 (00822640) ──
insert into patients (chart_no, name, sex, age, rrn, initial, primary_tags, attending_id) values
  ('00822640', '임서윤', '여', 22, '040***-4******', '임', array['범불안장애 의심','초진면담'], (select id from doctors order by ext_id limit 1));
insert into queue_entries (patient_id, position, no, visit_type, status, status_cls, dx, received, wait, risk) values
  ((select id from patients where chart_no = '00822640'), 2, 'A-09', '초진', '신규', 'b-new', 'F41.1', '13:55', '9분', '');
insert into safety_assessments (patient_id, level, sev, bold, body) values
  ((select id from patients where chart_no = '00822640'), 'md', 'C-SSRS
저위험', '자살위험 낮음', '자살위험 낮음 — 자살사고 없음. 초진 평가 단계, 증상 스크리닝 진행 중.');
insert into patient_detail_meta (patient_id, summary, rx_warn_title, rx_warn_body) values
  ((select id from patients where chart_no = '00822640'), '초진 — 범불안장애 의심. 과도한 걱정·근긴장·집중곤란 호소. 종합 평가 및 기저질환 배제 검사 예정.', '초진 안내', '약물 처방 전 진단 확정 및 신체질환 배제 필요. 다음 내원 시 검사 결과 확인 후 치료 계획 수립.');
insert into rating_scales (patient_id, sort, name, tag, value, max, pct, severity, severity_label) values
  ((select id from patients where chart_no = '00822640'), 0, 'GAD-7', '불안', 13, 21, 62, 'mod', '중등도'),
  ((select id from patients where chart_no = '00822640'), 1, 'PHQ-9', '우울', 7, 27, 26, 'mild', '경도'),
  ((select id from patients where chart_no = '00822640'), 2, 'ISI', '불면', 9, 28, 32, 'mild', '경도'),
  ((select id from patients where chart_no = '00822640'), 3, 'AUDIT', '음주', 2, 40, 5, 'min', '정상');
insert into trend_points (patient_id, sort, label, phq, gad) values
  ((select id from patients where chart_no = '00822640'), 0, '오늘', 7, 13);
insert into labs (patient_id, sort, lab_group, name, value, ref_range, flag, flag_type, collected) values
  ((select id from patients where chart_no = '00822640'), 0, '초진 기본검사', 'TSH', '대기', '0.4–4.0 mIU/L', '진행중', 'ref', '06/22'),
  ((select id from patients where chart_no = '00822640'), 1, '초진 기본검사', 'CBC', '대기', '—', '진행중', 'ref', '06/22');
insert into prescriptions (patient_id, sort, drug_class, class_warn, name, brand, dose, sub, sub_bold, qty, price, is_new) values
  ((select id from patients where chart_no = '00822640'), 0, '초진 · 처방 보류', false, '처방 전 평가 단계', '', '약물 시작 전 종합심리평가 예정', '비약물적 개입(이완훈련) 우선 안내', '', '—', '—', false);
insert into clinical_notes (patient_id, sort, author, dept, noted_at, segments) values
  ((select id from patients where chart_no = '00822640'), 0, '서연우 과장', '정신건강의학과', '2026-06-22 13:58', '[{"label":"S)","text":" 6개월간 지속적 걱정, 긴장, 수면 곤란. 취업 준비 스트레스."},{"label":"A)","text":" 범불안장애 의심(F41.1) — 추가 평가 필요."},{"label":"P)","text":" 종합심리평가 의뢰, 갑상선 검사, 2주 후 재내원."}]'::jsonb);

-- ── 한예린 (00339915) ──
insert into patients (chart_no, name, sex, age, rrn, initial, primary_tags, attending_id) values
  ('00339915', '한예린', '여', 38, '870***-2******', '한', array['양극성 I형','리튬 복용','경조증 관찰'], (select id from doctors order by ext_id limit 1));
insert into queue_entries (patient_id, position, no, visit_type, status, status_cls, dx, received, wait, risk) values
  ((select id from patients where chart_no = '00339915'), 3, 'A-10', '재진', '대기', 'b-wait', 'F31.1', '14:02', '21분', 'md');
insert into safety_assessments (patient_id, level, sev, bold, body) values
  ((select id from patients where chart_no = '00339915'), 'md', 'C-SSRS
저위험', '자살위험 낮음', '자살위험 낮음 — 현재 기분 상승 국면. 경조증 징후 관찰 필요, 충동성 모니터링.');
insert into patient_detail_meta (patient_id, summary, rx_warn_title, rx_warn_body) values
  ((select id from patients where chart_no = '00339915'), '우울 삽화 회복 후 기분 상승 전환. YMRS 16으로 경조증 진입 가능성 — 리튬 농도 유지 및 충동 조절 점검 필요.', '모니터링 알림', 'TSH 4.6으로 상승 — 리튬 유발 갑상선기능저하 의심. 갑상선기능 추적 및 내분비 협진 고려.');
insert into rating_scales (patient_id, sort, name, tag, value, max, pct, severity, severity_label) values
  ((select id from patients where chart_no = '00339915'), 0, 'YMRS', '조증', 16, 60, 27, 'mod', '경조증'),
  ((select id from patients where chart_no = '00339915'), 1, 'PHQ-9', '우울', 5, 27, 18, 'mild', '경도'),
  ((select id from patients where chart_no = '00339915'), 2, 'ISI', '불면', 12, 28, 43, 'mod', '중등도'),
  ((select id from patients where chart_no = '00339915'), 3, 'AUDIT', '음주', 6, 40, 15, 'mild', '주의');
insert into trend_points (patient_id, sort, label, phq, gad) values
  ((select id from patients where chart_no = '00339915'), 0, '4/20', 12, 8),
  ((select id from patients where chart_no = '00339915'), 1, '5/04', 9, 7),
  ((select id from patients where chart_no = '00339915'), 2, '5/18', 6, 6),
  ((select id from patients where chart_no = '00339915'), 3, '6/01', 5, 5),
  ((select id from patients where chart_no = '00339915'), 4, '6/22', 5, 6);
insert into labs (patient_id, sort, lab_group, name, value, ref_range, flag, flag_type, collected) values
  ((select id from patients where chart_no = '00339915'), 0, '약물 혈중농도 모니터링', 'Lithium', '0.88', '0.6–1.0 mmol/L', 'N', 'f-n', '06/22'),
  ((select id from patients where chart_no = '00339915'), 1, '약물 혈중농도 모니터링', 'TSH', '4.6', '0.4–4.0 mIU/L', 'H', 'f-h', '06/22'),
  ((select id from patients where chart_no = '00339915'), 2, '약물 혈중농도 모니터링', 'Creatinine', '0.9', '0.6–1.2 mg/dL', 'N', 'f-n', '06/22');
insert into prescriptions (patient_id, sort, drug_class, class_warn, name, brand, dose, sub, sub_bold, qty, price, is_new) values
  ((select id from patients where chart_no = '00339915'), 0, '기분조절제', false, '탄산리튬 300mg', '(리단정)', '1일 2회 1정 · 아침·저녁', '양극성장애 유지 · 30일분', '', '60T', '₩4,800', false),
  ((select id from patients where chart_no = '00339915'), 1, '비정형 항정신병약', false, '쿠에티아핀 200mg', '(쎄로켈정)', '취침 전 1정', '기분안정 · 30일분', '', '30T', '₩14,400', false);
insert into clinical_notes (patient_id, sort, author, dept, noted_at, segments) values
  ((select id from patients where chart_no = '00339915'), 0, '서연우 과장', '정신건강의학과', '2026-06-01 10:30', '[{"label":"S)","text":" 수면 욕구 감소, 활동량 증가, 자신감 상승."},{"label":"A)","text":" 양극성 I형, 경조증 전환 의심(F31.1)."},{"label":"P)","text":" 리튬 유지, 충동 조절 교육, 2주 후 재평가."}]'::jsonb);

-- ── 조민재 (00210073) ──
insert into patients (chart_no, name, sex, age, rrn, initial, primary_tags, attending_id) values
  ('00210073', '조민재', '남', 45, '800***-1******', '조', array['조현병','클로자핀 ANC 모니터'], (select id from doctors order by ext_id limit 1));
insert into queue_entries (patient_id, position, no, visit_type, status, status_cls, dx, received, wait, risk) values
  ((select id from patients where chart_no = '00210073'), 4, 'A-11', '재진', '대기', 'b-wait', 'F20.0', '14:08', '28분', 'md');
insert into safety_assessments (patient_id, level, sev, bold, body) values
  ((select id from patients where chart_no = '00210073'), 'md', 'C-SSRS
저위험', '자살위험 낮음', '자살위험 낮음 — 환청 빈도 감소, 병식 부분 회복. 약물 순응도 양호.');
insert into patient_detail_meta (patient_id, summary, rx_warn_title, rx_warn_body) values
  ((select id from patients where chart_no = '00210073'), '클로자핀 유지 중 양성증상 안정. 무과립구증 위험으로 ANC 정기 모니터링 필수 — 현재 정상 범위.', 'ANC 모니터링', '클로자핀 복용 — 무과립구증 위험. 정기 ANC 검사 의무(현재 2,800/µL 정상). 발열·인후통 시 즉시 내원 교육.');
insert into rating_scales (patient_id, sort, name, tag, value, max, pct, severity, severity_label) values
  ((select id from patients where chart_no = '00210073'), 0, 'PANSS', '양성', 62, 210, 30, 'mod', '경중등도'),
  ((select id from patients where chart_no = '00210073'), 1, 'PHQ-9', '우울', 8, 27, 30, 'mild', '경도'),
  ((select id from patients where chart_no = '00210073'), 2, 'CGI-S', '중증도', 4, 7, 57, 'mod', '중등도'),
  ((select id from patients where chart_no = '00210073'), 3, 'AUDIT', '음주', 1, 40, 3, 'min', '정상');
insert into trend_points (patient_id, sort, label, phq, gad) values
  ((select id from patients where chart_no = '00210073'), 0, '3월', 12, 10),
  ((select id from patients where chart_no = '00210073'), 1, '4월', 10, 9),
  ((select id from patients where chart_no = '00210073'), 2, '5월', 9, 8),
  ((select id from patients where chart_no = '00210073'), 3, '6월', 8, 7);
insert into labs (patient_id, sort, lab_group, name, value, ref_range, flag, flag_type, collected) values
  ((select id from patients where chart_no = '00210073'), 0, '클로자핀 안전성 모니터링', 'ANC (호중구)', '2,800', '≥1,500 /µL', 'N', 'f-n', '06/22'),
  ((select id from patients where chart_no = '00210073'), 1, '클로자핀 안전성 모니터링', 'WBC', '5.4', '4.0–10.0', 'N', 'f-n', '06/22'),
  ((select id from patients where chart_no = '00210073'), 2, '클로자핀 안전성 모니터링', '공복혈당', '118', '70–100 mg/dL', 'H', 'f-h', '06/22'),
  ((select id from patients where chart_no = '00210073'), 3, '클로자핀 안전성 모니터링', 'QTc (ECG)', '441', '<450 ms', 'QTc', 'f-n', '06/22');
insert into prescriptions (patient_id, sort, drug_class, class_warn, name, brand, dose, sub, sub_bold, qty, price, is_new) values
  ((select id from patients where chart_no = '00210073'), 0, '비정형 항정신병약', false, '클로자핀 200mg', '(클로자릴정)', '1일 2회 · 아침·취침전', '치료저항성 조현병 · 14일분', '', '28T', '₩16,800', false);
insert into clinical_notes (patient_id, sort, author, dept, noted_at, segments) values
  ((select id from patients where chart_no = '00210073'), 0, '서연우 과장', '정신건강의학과', '2026-06-10 11:00', '[{"label":"S)","text":" 환청 빈도 감소, 일상 기능 호전."},{"label":"A)","text":" 조현병, 편집형(F20.0) — 안정 유지."},{"label":"P)","text":" 클로자핀 유지, ANC 2주 간격 모니터링."}]'::jsonb);

-- ── 오지안 (00904471) ──
insert into patients (chart_no, name, sex, age, rrn, initial, primary_tags, attending_id) values
  ('00904471', '오지안', '남', 14, '120***-3******', '오', array['ADHD','보호자 동반'], (select id from doctors order by ext_id limit 1));
insert into queue_entries (patient_id, position, no, visit_type, status, status_cls, dx, received, wait, risk) values
  ((select id from patients where chart_no = '00904471'), 5, 'A-12', '재진', '대기', 'b-wait', 'F90.0', '14:14', '34분', '');
insert into safety_assessments (patient_id, level, sev, bold, body) values
  ((select id from patients where chart_no = '00904471'), 'md', 'C-SSRS
저위험', '자살위험 낮음', '자살위험 낮음 — 소아청소년. 보호자 동반 하 평가.');
insert into patient_detail_meta (patient_id, summary, rx_warn_title, rx_warn_body) values
  ((select id from patients where chart_no = '00904471'), '메틸페니데이트 시작 후 주의력 개선. 식욕 저하·성장 모니터링 필요. 학교 적응 양호.', '소아 모니터링', '식욕저하·성장 지연·혈압 상승 모니터링. 약물 휴일(주말) 적용 여부 보호자와 상의.');
insert into rating_scales (patient_id, sort, name, tag, value, max, pct, severity, severity_label) values
  ((select id from patients where chart_no = '00904471'), 0, 'ARS', 'ADHD', 28, 54, 52, 'mod', '중등도'),
  ((select id from patients where chart_no = '00904471'), 1, 'PHQ-A', '우울', 4, 27, 15, 'min', '정상'),
  ((select id from patients where chart_no = '00904471'), 2, 'CGI-S', '중증도', 3, 7, 43, 'mild', '경도'),
  ((select id from patients where chart_no = '00904471'), 3, 'SNAP', '주의력', 22, 36, 61, 'mod', '중등도');
insert into trend_points (patient_id, sort, label, phq, gad) values
  ((select id from patients where chart_no = '00904471'), 0, '3월', 6, 5),
  ((select id from patients where chart_no = '00904471'), 1, '4월', 5, 4),
  ((select id from patients where chart_no = '00904471'), 2, '5월', 4, 4),
  ((select id from patients where chart_no = '00904471'), 3, '6월', 4, 3);
insert into labs (patient_id, sort, lab_group, name, value, ref_range, flag, flag_type, collected) values
  ((select id from patients where chart_no = '00904471'), 0, '성장 · 안전성 모니터링', '신장 / 체중', '162 / 48', '백분위 추적', 'N', 'f-n', '06/22'),
  ((select id from patients where chart_no = '00904471'), 1, '성장 · 안전성 모니터링', '혈압', '112/68', '<120/80', 'N', 'f-n', '06/22'),
  ((select id from patients where chart_no = '00904471'), 2, '성장 · 안전성 모니터링', '맥박', '84', '60–100 bpm', 'N', 'f-n', '06/22');
insert into prescriptions (patient_id, sort, drug_class, class_warn, name, brand, dose, sub, sub_bold, qty, price, is_new) values
  ((select id from patients where chart_no = '00904471'), 0, '중추신경 자극제', false, '메틸페니데이트 OROS 27mg', '(콘서타OROS서방정)', '1일 1회 1정 · 아침', 'ADHD · 28일분', '', '28T', '₩28,000', false);
insert into clinical_notes (patient_id, sort, author, dept, noted_at, segments) values
  ((select id from patients where chart_no = '00904471'), 0, '서연우 과장', '정신건강의학과', '2026-06-12 15:00', '[{"label":"S)","text":" (보호자) 수업 집중도 향상, 숙제 수행 개선. 저녁 식욕 감소."},{"label":"A)","text":" ADHD, 복합형(F90.0) — 치료 반응 양호."},{"label":"P)","text":" 메틸페니데이트 유지, 체중·식이 모니터링."}]'::jsonb);

-- ── 백서진 (00118802) ──
insert into patients (chart_no, name, sex, age, rrn, initial, primary_tags, attending_id) values
  ('00118802', '백서진', '여', 51, '740***-2******', '백', array['알코올 사용장애','금주 4주차'], (select id from doctors order by ext_id limit 1));
insert into queue_entries (patient_id, position, no, visit_type, status, status_cls, dx, received, wait, risk) values
  ((select id from patients where chart_no = '00118802'), 6, 'A-13', '재진', '대기', 'b-wait', 'F10.2', '14:19', '41분', '');
insert into safety_assessments (patient_id, level, sev, bold, body) values
  ((select id from patients where chart_no = '00118802'), 'md', 'C-SSRS
저위험', '자살위험 낮음', '자살위험 낮음 — 금주 유지 중, 동기 양호. 재발 고위험 시기 지지 필요.');
insert into patient_detail_meta (patient_id, summary, rx_warn_title, rx_warn_body) values
  ((select id from patients where chart_no = '00118802'), '해독 후 금주 4주차 유지. 갈망 감소, 간기능 회복 추세. 단주모임(AA) 연계 진행.', '재발 예방', '금주 1–3개월 재발 고위험. 음주 갈망 시 대처 전략 점검, AA 참석 독려. 간기능 추적.');
insert into rating_scales (patient_id, sort, name, tag, value, max, pct, severity, severity_label) values
  ((select id from patients where chart_no = '00118802'), 0, 'AUDIT', '음주', 21, 40, 52, 'sev', '의존'),
  ((select id from patients where chart_no = '00118802'), 1, 'PHQ-9', '우울', 9, 27, 33, 'mild', '경도'),
  ((select id from patients where chart_no = '00118802'), 2, 'GAD-7', '불안', 8, 21, 38, 'mild', '경도'),
  ((select id from patients where chart_no = '00118802'), 3, 'CIWA-Ar', '금단', 3, 67, 5, 'min', '경미');
insert into trend_points (patient_id, sort, label, phq, gad) values
  ((select id from patients where chart_no = '00118802'), 0, '입원', 15, 13),
  ((select id from patients where chart_no = '00118802'), 1, '퇴원', 12, 11),
  ((select id from patients where chart_no = '00118802'), 2, '+2주', 10, 9),
  ((select id from patients where chart_no = '00118802'), 3, '오늘', 9, 8);
insert into labs (patient_id, sort, lab_group, name, value, ref_range, flag, flag_type, collected) values
  ((select id from patients where chart_no = '00118802'), 0, '간기능 · 영양', 'AST / ALT', '48 / 52', '0–40 IU/L', 'H', 'f-h', '06/22'),
  ((select id from patients where chart_no = '00118802'), 1, '간기능 · 영양', 'GGT', '88', '<60 IU/L', 'H', 'f-h', '06/22'),
  ((select id from patients where chart_no = '00118802'), 2, '간기능 · 영양', 'Thiamine(B1)', '보충중', '—', 'N', 'f-n', '06/22'),
  ((select id from patients where chart_no = '00118802'), 3, '간기능 · 영양', 'CBC (MCV)', '98', '80–100 fL', 'N', 'f-n', '06/22');
insert into prescriptions (patient_id, sort, drug_class, class_warn, name, brand, dose, sub, sub_bold, qty, price, is_new) values
  ((select id from patients where chart_no = '00118802'), 0, '항갈망제', false, '아캄프로세이트 333mg', '(아캄프로정)', '1일 3회 2정', '금주 유지 · 30일분', '', '180T', '₩27,000', false),
  ((select id from patients where chart_no = '00118802'), 1, '비타민 보충', false, '티아민 100mg', '(비타민B1)', '1일 1회', '베르니케 예방 · 30일분', '', '30T', '₩3,000', false);
insert into clinical_notes (patient_id, sort, author, dept, noted_at, segments) values
  ((select id from patients where chart_no = '00118802'), 0, '서연우 과장', '정신건강의학과', '2026-06-15 14:30', '[{"label":"S)","text":" 금주 유지, 수면·식욕 회복. 가끔 갈망 있으나 대처 가능."},{"label":"A)","text":" 알코올 사용장애, 의존(F10.2) — 조기 관해."},{"label":"P)","text":" 아캄프로세이트 유지, AA 연계, 간기능 추적."}]'::jsonb);

-- ── 청구·수납 ──
insert into billings (sort, patient_id, attending_id, insurance, consult_fee, drug_fee, test_fee, copay, status) values
  (0, (select id from patients where chart_no='00513382'), (select id from doctors order by ext_id limit 1), '건강보험', 12000, 33800, 28000, 22140, '수납완료'),
  (1, (select id from patients where chart_no='00781120'), (select id from doctors order by ext_id limit 1), '건강보험', 24000, 4830, 45000, 22149, '미수납'),
  (2, (select id from patients where chart_no='00822640'), (select id from doctors order by ext_id limit 1), '건강보험', 18000, 0, 32000, 15000, '미수납'),
  (3, (select id from patients where chart_no='00339915'), (select id from doctors order by ext_id limit 1), '의료급여', 12000, 19200, 18000, 1500, '수납완료'),
  (4, (select id from patients where chart_no='00210073'), (select id from doctors order by ext_id limit 1), '의료급여', 12000, 16800, 22000, 1500, '미수납'),
  (5, (select id from patients where chart_no='00904471'), (select id from doctors order by ext_id limit 1), '건강보험', 12000, 28000, 12000, 15600, '수납완료'),
  (6, (select id from patients where chart_no='00118802'), (select id from doctors order by ext_id limit 1), '자비', 12000, 30000, 24000, 66000, '미수납');

-- ── 약품·재고 ──
insert into medications (sort, code, name, drug_class, unit, stock, min_stock, expiry, controlled) values
  (0, 'A11800231', '에스시탈로프람 10mg', 'SSRI', '정', 520, 200, '2027-05', false),
  (1, 'A11700118', '설트랄린 50mg', 'SSRI', '정', 340, 150, '2027-02', false),
  (2, 'A22310044', '둘록세틴 30mg', 'SNRI', '캡슐', 185, 100, '2026-11', false),
  (3, 'A31900207', '쿠에티아핀 25mg', '항정신병', '정', 90, 120, '2027-08', false),
  (4, 'A31900512', '아리피프라졸 10mg', '항정신병', '정', 260, 100, '2027-01', false),
  (5, 'A40110083', '리튬카보네이트 300mg', '기분조절제', '정', 150, 80, '2026-09', false),
  (6, 'A40110159', '발프로산나트륨 500mg', '기분조절제', '정', 200, 100, '2027-04', false),
  (7, 'B05500071', '로라제팜 1mg', '벤조디아제핀', '정', 60, 100, '2026-12', true),
  (8, 'B05500088', '클로나제팜 0.5mg', '벤조디아제핀', '정', 220, 80, '2027-06', true),
  (9, 'B06200140', '졸피뎀 10mg', '수면제', '정', 140, 80, '2027-03', true),
  (10, 'B07700233', '메틸페니데이트 18mg', '정신자극제', '정', 95, 60, '2026-08', true);

commit;
